site,category,global rank,unique_visitors,unique visitors growth (U.S.),pageviews,time on site (seconds)
google.com,Internet_Internet-Search_Engines,1,137469861,-12,42780661296,1077
facebook.com,Internet_Internet-Social_Media,2,137809189,-17,20654190433,1263
youtube.com,Internet_Internet-Videos,3,100704269,-21,5061297683,1074
yahoo.com,Internet_Internet-Portals,5,78654373,-12,5340745379,518
amazon.com,Consumer_Goods_and_Retail_Consumer_Goods_and_Retail-General_Merchandise,6,78040228,-17,7430867707,700
wikipedia.org,Reference_Reference-Dictionaries_and_Encyclopedias,7,64024803,-18,988471725,274
twitter.com,Internet_Internet-Social_Media,9,39244478,-30,1103426873,464
live.com,Internet_Internet-Email,12,23534998,-8,1355845380,481
linkedin.com,Internet_Internet-Social_Media,14,26213707,-28,844505419,446
ebay.com,Consumer_Goods_and_Retail_Consumer_Goods_and_Retail-Auctions,17,40759996,-19,2927535248,771
bing.com,Internet_Internet-Search_Engines,25,25725180,8,1108320643,285
msn.com,Internet_Internet-Portals,26,18739274,-14,908154546,509
instagram.com,Internet_Internet-Photos,27,32435449,-25,698391450,277
reddit.com,Internet_Internet-Social_Media,31,20861267,-22,2603974228,1057
ask.com,Internet_Internet-Search_Engines,35,20351888,-4,296651606,185
pinterest.com,Internet_Internet-Social_Media,36,22558087,-24,556783385,381
wordpress.com,Internet_Internet-Blogging_Platforms_and_Tools,37,24652349,-32,162464810,190
microsoft.com,Computers_and_Technology_Computers_and_Technology-Software,38,25664048,-14,181387836,215
paypal.com,Finance_and_Economics_Finance_and_Economics-Services,41,27171058,-20,500326550,254
imgur.com,Internet_Internet-Photos,44,14594731,-22,1084988399,370
apple.com,Consumer_Goods_and_Retail_Consumer_Goods_and_Retail-Consumer_Electronics,46,48486675,-9,585158345,250
xvideos.com,Society_Society-Adult,47,21129474,-15,1131463858,756
imdb.com,Arts_and_Entertainment_Arts_and_Entertainment-Movies,48,33985207,-26,534640580,266
googleadservices.com,Internet_Internet,52,19749517,-9,80159404,21
netflix.com,Arts_and_Entertainment_Arts_and_Entertainment-Movies,53,32156211,-25,791326792,287
stackoverflow.com,Computers_and_Technology_Computers_and_Technology-Programming,56,8966834,-15,129861116,350
craigslist.org,Consumer_Goods_and_Retail_Consumer_Goods_and_Retail-Classifieds,57,28051435,-19,2780277102,848
pornhub.com,Society_Society-Adult,65,22092765,-19,791839337,610
diply.com,Internet_Internet-Portals,69,9033029,-36,64236135,172
go.com,Internet_Internet-Portals,70,30287308,X,1043483711,436
xhamster.com,Society_Society-Adult,71,9976842,-12,551752227,791
outbrain.com,Internet_Internet-Web_Design_and_Development,73,25429410,-21,94056169,29
kat.cr,Arts_and_Entertainment_Arts_and_Entertainment,74,10660677,-9,482751670,332
cnn.com,News_and_Media_News_and_Media-News,75,24193533,-13,311314460,319
blogger.com,Internet_Internet-Blogging_Platforms_and_Tools,78,11172252,20,116324106,506
bbc.co.uk,News_and_Media_News_and_Media-News,84,10750072,-26,47575720,301
github.com,Computers_and_Technology_Computers_and_Technology-Software,86,9022402,-7,288012392,399
googleusercontent.com,Internet_Internet-Search_Engines,89,14338068,-19,57383580,153
dropbox.com,Internet_Internet-File_Sharing_and_Storage,93,20050052,-20,291873391,290
adobe.com,Computers_and_Technology_Computers_and_Technology-Graphics,96,18253953,-39,107522147,194
espn.go.com,Sports_Sports-News,97,24839041,-1,1172591723,485
wikia.com,Reference_Reference-Dictionaries_and_Encyclopedias,99,17446732,-26,265210119,353
bbc.com,News_and_Media_News_and_Media-News,101,16067662,-17,120555405,281
dailymail.co.uk,News_and_Media_News_and_Media-News,103,17335392,-29,116527564,371
nytimes.com,News_and_Media_News_and_Media-News,104,23418015,-20,228841128,316
huffingtonpost.com,News_and_Media_News_and_Media-News,110,24616652,-24,175861181,246
buzzfeed.com,News_and_Media_News_and_Media-Other,112,22633957,-26,227461284,353
xnxx.com,Society_Society-Adult,114,13446595,-14,624022608,857
chase.com,Finance_and_Economics_Finance_and_Economics-Banking,117,26341310,-15,875252519,358
walmart.com,Consumer_Goods_and_Retail_Consumer_Goods_and_Retail-General_Merchandise,129,24815143,-23,350291648,355
bankofamerica.com,Finance_and_Economics_Finance_and_Economics-Banking,133,19327177,-19,677341093,384
theguardian.com,News_and_Media_News_and_Media-News,136,14753737,-26,55709087,218
quora.com,Reference_Reference-Advice,137,11856304,-9,55959951,196
twitch.tv,Arts_and_Entertainment_Arts_and_Entertainment-Games,138,6935504,-21,239156961,464
yelp.com,Consumer_Goods_and_Retail_Consumer_Goods_and_Retail-Consumer_Information,142,21685738,-13,291086595,241
cnet.com,Consumer_Goods_and_Retail_Consumer_Goods_and_Retail-Consumer_Information,143,20555238,-10,115608964,182
etsy.com,Consumer_Goods_and_Retail_Consumer_Goods_and_Retail-Clothing,144,16709191,-8,672820822,581
amazonaws.com,Internet_Internet-Cloud_Computing,145,15619174,-20,76010758,168
flickr.com,Internet_Internet-Photos,147,8861626,-33,144167848,334
tubecup.com,Society_Society-Adult,148,3781498,-25,22498806,430
aol.com,Internet_Internet-Portals,149,9995986,-11,409462977,478
redtube.com,Society_Society-Adult,151,12875868,-26,204801680,394
indeed.com,Business_and_Industry_Business_and_Industry-Employment,152,12422115,-19,286052367,341
microsoftonline.com,Computers_and_Technology_Computers_and_Technology-Software,154,15461386,4,192066854,46
stackexchange.com,Reference_Reference-Advice,155,14196052,-10,40717638,127
forbes.com,Finance_and_Economics_Finance_and_Economics-News,157,13736853,-32,89382038,187
weather.com,News_and_Media_News_and_Media-Weather,159,21681221,-23,219331867,195
zillow.com,Business_and_Industry_Business_and_Industry-Real_Estate,160,16201670,-27,501509059,430
soundcloud.com,Internet_Internet-Other,162,14375648,-16,139189486,262
youporn.com,Society_Society-Adult,163,13315599,-28,211321998,506
gmail.com,Internet_Internet-Email,166,11286860,-65,27146206,26
wellsfargo.com,Finance_and_Economics_Finance_and_Economics-Banking,168,16650368,-16,645273510,356
tripadvisor.com,Travel_and_Transport_Travel_and_Transport-Other,169,18088914,-32,156781384,294
bp.blogspot.com,Internet_Internet-Blogging_Platforms_and_Tools,172,5823152,-24,14321323,86
ikea.com,Consumer_Goods_and_Retail_Consumer_Goods_and_Retail-General_Merchandise,174,9274779,-15,221339319,478
office365.com,Internet_Internet,179,11396365,4,242864116,283
vice.com,News_and_Media_News_and_Media-Magazines,180,9660157,-16,33224097,133
vimeo.com,Internet_Internet-Videos,181,11824742,-29,80099291,233
about.com,Reference_Reference-Other,182,19819607,-30,70855251,147
salesforce.com,Business_and_Industry_Business_and_Industry-Business_Services,183,2916173,-3,949526926,1923
bestbuy.com,Consumer_Goods_and_Retail_Consumer_Goods_and_Retail-Consumer_Electronics,186,20510150,-21,318577307,302
godaddy.com,Internet_Internet-Hosting,187,3839696,-26,86616343,413
feedly.com,Internet_Internet-Other,189,2399902,-35,164581307,386
target.com,Consumer_Goods_and_Retail_Consumer_Goods_and_Retail-General_Merchandise,191,24817495,-10,393143358,332
foxnews.com,News_and_Media_News_and_Media-News,193,13655748,-17,192270871,458
deviantart.com,Arts_and_Entertainment_Arts_and_Entertainment-Other,196,5746850,-17,261219060,648
businessinsider.com,News_and_Media_News_and_Media-Other,199,12677748,-34,59260200,200
office.com,Computers_and_Technology_Computers_and_Technology-Software,200,14740559,6,113288272,171
wikihow.com,Reference_Reference-Dictionaries_and_Encyclopedias,202,15722165,-31,27353087,117
doublepimp.com,Society_Society-Adult,207,14556071,-3,45271112,28
taboola.com,Business_and_Industry_Business_and_Industry-Marketing_and_Advertising,208,18755462,-12,50956755,40
washingtonpost.com,News_and_Media_News_and_Media-News,209,17573791,-24,99361115,223
w3schools.com,Internet_Internet-Web_Design_and_Development,211,3472322,-18,28692275,308
mozilla.org,Computers_and_Technology_Computers_and_Technology-Software,214,8903629,-44,30675034,121
telegraph.co.uk,News_and_Media_News_and_Media-News,217,9560929,-26,30352474,191
files.wordpress.com,Internet_Internet-Blogging_Platforms_and_Tools,218,11691101,-20,25426314,82
homedepot.com,Consumer_Goods_and_Retail_Consumer_Goods_and_Retail-Home_and_Garden,222,17597924,-29,265658330,352
americanexpress.com,Finance_and_Economics_Finance_and_Economics-Banking,223,17090927,-28,230683546,290
skype.com,Business_and_Industry_Business_and_Industry-Telecommunications,224,5060460,-20,46542424,282
nih.gov,Government_Health_and_Healthcare_Government-National_Health_and_Healthcare-Products_and_Services,225,10856945,-16,96230255,238
secureserver.net,Internet_Internet-Email,226,2166679,-37,162270500,701
ups.com,Business_and_Industry_Business_and_Industry-Transportation_and_Logistics,231,16838794,-19,136832728,188
gfycat.com,Internet_Internet-Photos,233,6500071,-11,61453002,295
wix.com,Internet_Internet-Hosting,234,5142511,-8,41378451,255
archive.org,Reference_Reference-Archives,236,4301159,-27,43438568,256
steamcommunity.com,Arts_and_Entertainment_Arts_and_Entertainment-Games,237,5970487,-33,96708970,253
avg.com,Internet_Internet-Security,238,8549300,-32,105864063,117
usps.com,Business_and_Industry_Government_Business_and_Industry-Transportation_and_Logistics_Government-National,239,18712260,-19,198207573,222
youradexchange.com,Internet_Internet,244,2321010,-46,78255409,87
hclips.com,Society_Society-Adult,247,3085619,-13,21345874,339
force.com,Business_and_Industry_Business_and_Industry-Business_Services,249,7193547,-19,174092109,212
shutterstock.com,Arts_and_Entertainment_Arts_and_Entertainment-Photography,250,2674988,-8,53558923,497
wikimedia.org,Education_Education-Online,251,8960366,-22,28352460,102
comcast.net,Business_and_Industry_Business_and_Industry-Telecommunications,253,18663020,-20,493369072,363
addthis.com,Business_and_Industry_Business_and_Industry-Marketing_and_Advertising,255,4349704,-40,19905986,69
github.io,Computers_and_Technology_Computers_and_Technology-Software,260,4657037,-4,40056379,205
fbcdn.net,Internet_Internet-Hosting,262,9500240,-26,45840313,162
weebly.com,Internet_Internet-Web_Design_and_Development,266,5751590,-9,44464245,232
nametests.com,Arts_and_Entertainment_Arts_and_Entertainment-Games,267,11484540,17,142591489,223
hp.com,Consumer_Goods_and_Retail_Consumer_Goods_and_Retail-Computers,269,9555871,-14,91503199,341
steampowered.com,Arts_and_Entertainment_Arts_and_Entertainment-Games,271,5778007,-39,54245418,208
sourceforge.net,Computers_and_Technology_Computers_and_Technology-Software,274,4975212,-23,25533220,192
groupon.com,Consumer_Goods_and_Retail_Consumer_Goods_and_Retail-Other,275,15886902,-26,185246161,278
bloomberg.com,Finance_and_Economics_Finance_and_Economics-News,276,9431083,-31,66009823,364
usatoday.com,News_and_Media_News_and_Media-News,278,16347239,-19,81303532,265
mashable.com,Internet_Internet-Other,279,7557436,-33,30184256,189
xfinity.com,Business_and_Industry_Business_and_Industry-Telecommunications,280,17474339,-9,359523064,278
goodreads.com,Reference_Reference-Libraries,281,9818353,-21,136168810,331
speedtest.net,Computers_and_Technology_Computers_and_Technology-Communications,286,7942286,-21,23610138,173
livejasmin.com,Society_Society-Adult,287,8616147,-31,37371291,131
webmd.com,Health_and_Healthcare_Health_and_Healthcare-Education,288,16568541,-23,69227439,186
capitalone.com,Finance_and_Economics_Finance_and_Economics-Banking,291,15285132,-17,295735318,278
hootsuite.com,Internet_Internet-Social_Media,294,1095955,-22,19164830,288
mailchimp.com,Business_and_Industry_Business_and_Industry-Marketing_and_Advertising,295,2168651,-21,125862591,659
bilibili.com,Internet_Internet-Videos,296,1984704,-16,110940478,659
ign.com,Arts_and_Entertainment_Arts_and_Entertainment-Games,301,9554102,-34,86748879,236
stumbleupon.com,Internet_Internet-Social_Media,302,1210606,-50,29006355,379
wsj.com,Finance_and_Economics_Finance_and_Economics-News,306,9901746,-30,62583923,231
fedex.com,Business_and_Industry_Business_and_Industry-Transportation_and_Logistics,307,14632961,-20,119301311,211
abs-cbnnews.com,News_and_Media_News_and_Media-News,308,404705,-61,5804737,86
accuweather.com,News_and_Media_News_and_Media-Weather,310,12405414,-29,160926758,193
engadget.com,Consumer_Goods_and_Retail_Consumer_Goods_and_Retail-Consumer_Information,312,8147977,-13,86328023,199
likes.com,Internet_Internet-Photos,314,9340577,-26,210186929,284
dell.com,Computers_and_Technology_Consumer_Goods_and_Retail_Computers_and_Technology-Other_Consumer_Goods_and_Retail-Computers,315,7404674,-21,99050790,340
samsung.com,Consumer_Goods_and_Retail_Consumer_Goods_and_Retail-Consumer_Electronics,317,6765310,-27,39513791,220
espncricinfo.com,Sports_Sports-Cricket,318,2707682,-33,63709738,378
pandora.com,Arts_and_Entertainment_Arts_and_Entertainment-Music,323,9076792,-19,80234728,182
wordreference.com,Reference_Reference-Dictionaries_and_Encyclopedias,324,4860469,5,69280307,339
media.tumblr.com,Internet_Internet-Blogging_Platforms_and_Tools,326,4318106,-28,22183001,117
att.com,Business_and_Industry_Business_and_Industry-Telecommunications,327,21922575,-10,366964087,423
spotify.com,News_and_Media_News_and_Media-Radio,332,13078430,-20,127584998,236
mlb.com,Sports_Sports-Baseball,335,9957469,-32,180790232,330
bleacherreport.com,Sports_Sports-News,340,11592057,-23,97655005,205
zendesk.com,Computers_and_Technology_Computers_and_Technology-Software,344,3851368,-24,81188407,580
twimg.com,Internet_Internet,347,7504023,-20,18156585,122
chaturbate.com,Society_Society-Adult,348,3149145,-26,319111842,1151
ijreview.com,News_and_Media_News_and_Media-News,349,7391537,-31,31500740,122
reuters.com,News_and_Media_News_and_Media-News,351,6002104,-25,27020508,211
thesaurus.com,Reference_Reference-Dictionaries_and_Encyclopedias,361,8394507,-2,68316120,335
verizonwireless.com,Business_and_Industry_Business_and_Industry-Telecommunications,363,18565827,-20,397119579,476
answers.com,Internet_Internet-Search_Engines,370,16833638,-19,197393107,220
slickdeals.net,Consumer_Goods_and_Retail_Consumer_Goods_and_Retail-Consumer_Information,373,7531815,-27,288534430,306
tube8.com,Society_Society-Adult,374,7701846,-27,76414178,271
time.com,News_and_Media_News_and_Media-Magazines,378,10485968,-37,27714020,153
evernote.com,Computers_and_Technology_Computers_and_Technology-Systems,380,4156461,-26,49068266,232
putlocker.is,Arts_and_Entertainment_Arts_and_Entertainment,381,11017883,-3,188074171,221
kickstarter.com,Finance_and_Economics_Finance_and_Economics-Investing,382,8298660,-21,69719453,270
trello.com,Internet_Internet-Other,383,1871150,16,93148294,572
hulu.com,Internet_Internet-Videos,387,12616100,-13,161758504,241
newegg.com,Consumer_Goods_and_Retail_Consumer_Goods_and_Retail-Consumer_Electronics,391,7646856,-23,106575876,290
infusionsoft.com,Business_and_Industry_Business_and_Industry-Marketing_and_Advertising,392,4967431,-21,67386802,193
gizmodo.com,Consumer_Goods_and_Retail_Consumer_Goods_and_Retail-Consumer_Information,393,10921858,-18,70263297,200
macys.com,Consumer_Goods_and_Retail_Consumer_Goods_and_Retail-General_Merchandise,399,15817420,-17,272318187,435
rt.com,News_and_Media_News_and_Media-News,400,3255362,-11,16985561,275
lifehacker.com,Internet_Internet-Other,401,8208232,-27,35589315,137
nfl.com,Sports_Sports-American_Football,404,12418775,147,373105592,586
theverge.com,Consumer_Goods_and_Retail_Consumer_Goods_and_Retail-Consumer_Information,405,10359191,-2,38902888,163
icloud.com,Internet_Internet-Cloud_Computing,406,9388348,-16,68824201,231
photobucket.com,Internet_Internet-Photos,413,5964879,-37,44379422,187
oracle.com,Computers_and_Technology_Computers_and_Technology-Software,415,4779172,X,88040533,406
taleo.net,Internet_Internet-Cloud_Computing,417,9749165,-31,207531211,405
battle.net,Arts_and_Entertainment_Arts_and_Entertainment-Games,421,4395526,-29,76615890,321
reference.com,Reference_Reference-Dictionaries_and_Encyclopedias,422,10679153,-8,47891100,184
expedia.com,Travel_and_Transport_Travel_and_Transport-Other,423,11732651,-34,137645543,449
meetup.com,Internet_Internet-Social_Media,426,3519038,-18,73620363,344
hotels.com,Travel_and_Transport_Travel_and_Transport-Lodging,433,9742187,-32,102322575,408
lowes.com,Consumer_Goods_and_Retail_Consumer_Goods_and_Retail-Home_and_Garden,434,14335772,-30,212013290,357
thefreedictionary.com,Reference_Reference-Dictionaries_and_Encyclopedias,437,7607737,-18,17393841,135
disqus.com,Internet_Internet-Blogging_Platforms_and_Tools,438,3693408,-59,19215128,176
list-manage.com,Internet_Internet-Email,443,5181468,-28,11519691,67
kohls.com,Consumer_Goods_and_Retail_Consumer_Goods_and_Retail-General_Merchandise,445,14883884,-14,333693138,532
cloudfront.net,Internet_Internet-Hosting,447,5974337,-28,15729565,108
fiverr.com,Business_and_Industry_Business_and_Industry-Other,448,999467,-38,35572080,683
airbnb.com,Travel_and_Transport_Travel_and_Transport-Lodging,455,8281989,-13,219305564,631
xda-developers.com,Computers_and_Technology_Computers_and_Technology-Systems,456,3375806,-24,47200812,334
independent.co.uk,News_and_Media_News_and_Media-News,457,6582888,-32,12253876,170
wow.com,Internet_Internet-Search_Engines,461,11802271,-38,27761989,57
retailmenot.com,Home_Home-Lifestyle,462,9905174,-20,41411800,60
nbcnews.com,News_and_Media_News_and_Media-News,463,10255225,-14,75092263,343
techcrunch.com,Computers_and_Technology_Computers_and_Technology-News,465,5276991,-9,24162082,159
torrentz.eu,Internet_Internet-File_Sharing_and_Storage,472,3809529,-7,65449847,169
gap.com,Consumer_Goods_and_Retail_Consumer_Goods_and_Retail-Clothing,473,10334953,-18,263774316,505
nordstrom.com,Consumer_Goods_and_Retail_Consumer_Goods_and_Retail-General_Merchandise,475,11704581,-15,196783586,376
scribd.com,Consumer_Goods_and_Retail_Consumer_Goods_and_Retail-Books,476,3869178,-14,16952381,180
gamefaqs.com,Arts_and_Entertainment_Arts_and_Entertainment-Games,477,7919746,-25,87122084,210
4dsply.com,Business_and_Industry_Business_and_Industry-Marketing_and_Advertising,481,11001033,-11,24617870,31
slack.com,Internet_Internet,482,3115442,43,117185218,656
ancestry.com,Society_Society-Genealogy,492,6273157,-22,803937259,1630
asos.com,Arts_and_Entertainment_Arts_and_Entertainment-Fashion,494,3432421,-16,72387976,560
realtor.com,Business_and_Industry_Business_and_Industry-Real_Estate,496,9366108,-32,223994916,582
wunderground.com,News_and_Media_News_and_Media-Weather,498,8384985,-31,207864483,1024
shopify.com,Consumer_Goods_and_Retail_Consumer_Goods_and_Retail,500,4062995,-15,30081625,187
glassdoor.com,Business_and_Industry_Business_and_Industry-Employment,503,7696747,-21,76177061,247
surveymonkey.com,Internet_Internet-Hosting,509,9760384,-26,61110228,244
pinimg.com,Internet_Internet-Social_Media,511,6160092,-13,13479078,76
kayak.com,Travel_and_Transport_Travel_and_Transport-Other,515,11568235,-30,144125923,295
lenovo.com,Consumer_Goods_and_Retail_Consumer_Goods_and_Retail-Computers,518,4071587,-28,43393427,292
playstation.com,Arts_and_Entertainment_Arts_and_Entertainment-Games,521,3973123,-30,46089574,218
myway.com,Internet_Internet-Search_Engines,523,6763274,3,131182222,213
beeg.com,Society_Society-Adult,525,3367021,1,45298011,442
java.com,Computers_and_Technology_Computers_and_Technology-Programming,526,4617568,-20,14371341,167
people.com,Arts_and_Entertainment_Arts_and_Entertainment-News,528,12701647,-22,126679995,245
instructables.com,Home_Home-Home_Improvement,530,6903971,-20,35214616,201
allrecipes.com,Home_Home-Cooking,532,12381094,-19,88685991,211
mirror.co.uk,News_and_Media_News_and_Media-News,533,6446776,-23,12359861,181
rottentomatoes.com,Arts_and_Entertainment_Arts_and_Entertainment-Movies,536,10395159,-25,75507160,197
hm.com,Consumer_Goods_and_Retail_Consumer_Goods_and_Retail-Clothing,539,4955962,-12,98444162,452
azlyrics.com,Arts_and_Entertainment_Arts_and_Entertainment-Music,540,10980219,-21,33784539,182
intuit.com,Computers_and_Technology_Computers_and_Technology-Software,541,5670161,-14,159192422,578
youtube-mp3.org,Computers_and_Technology_Computers_and_Technology-Information_Technology,542,7756653,-30,23190674,108
thepiratebay.la,Arts_and_Entertainment_Arts_and_Entertainment,546,6413129,-19,78488579,194
doubleclick.net,Business_and_Industry_Business_and_Industry-Marketing_and_Advertising,548,4415244,-27,9572640,52
tmz.com,Arts_and_Entertainment_Arts_and_Entertainment-News,549,9225579,-32,53118724,218
okcupid.com,Internet_Internet-Social_Media,550,4947150,-12,481961430,941
costco.com,Consumer_Goods_and_Retail_Consumer_Goods_and_Retail-General_Merchandise,557,13268385,-21,167551787,276
npr.org,News_and_Media_News_and_Media-Radio,558,12729695,-18,65144686,273
trulia.com,Business_and_Industry_Business_and_Industry-Real_Estate,562,7428309,-31,245071586,366
discovercard.com,Finance_and_Economics_Finance_and_Economics-Banking,564,12054299,-27,214757312,247
issuu.com,News_and_Media_News_and_Media-Magazines,565,2676816,-32,8608798,208
pof.com,Society_Society-Relationships,567,3051207,-36,426991102,1194
wired.com,Computers_and_Technology_Computers_and_Technology-News,569,7047369,5,20457144,176
nike.com,Consumer_Goods_and_Retail_Consumer_Goods_and_Retail-Sporting_Goods,570,6890464,-18,108328185,337
cbssports.com,Sports_Sports-News,579,13253569,6,227348369,387
verizon.com,Business_and_Industry_Business_and_Industry-Telecommunications,580,9492462,-17,175081745,299
woot.com,Consumer_Goods_and_Retail_Consumer_Goods_and_Retail,582,5259524,-21,133185039,238
yts.to,Internet_Internet,583,2763782,X,67251501,243
box.com,Internet_Internet-File_Sharing_and_Storage,586,4934701,-27,105298660,324
abcnews.go.com,News_and_Media_News_and_Media-News,587,10212266,-31,40279412,206
timeanddate.com,Science_Science-Astronomy,588,7686236,-4,23707334,146
duckduckgo.com,Internet_Internet-Search_Engines,590,2085903,-6,78559496,238
urbandictionary.com,Reference_Reference-Dictionaries_and_Encyclopedias,592,9393288,-26,21886970,114
6pm.com,Consumer_Goods_and_Retail_Consumer_Goods_and_Retail-Clothing,593,9057774,-25,191379529,358
eonline.com,Arts_and_Entertainment_Arts_and_Entertainment-News,596,11995579,-39,62684796,181
citi.com,Finance_and_Economics_Finance_and_Economics-Banking,599,11388723,13,253473773,239
sears.com,Consumer_Goods_and_Retail_Consumer_Goods_and_Retail-General_Merchandise,604,11679543,-31,118675440,299
cnbc.com,Finance_and_Economics_Finance_and_Economics-News,606,5965088,-26,49657615,291
aweber.com,Internet_Internet-Email,607,1377433,-30,15410598,301
statcounter.com,Internet_Internet-Analytics,609,119422,-40,2198367,337
medium.com,Internet_Internet-Blogging_Platforms_and_Tools,612,6051980,-11,22663892,162
change.org,Society_Society-Politics_and_Activism,613,5402583,-36,20019188,146
ca.gov,Government_Government-Regional_and_City,614,7838318,-13,145960008,385
drudgereport.com,News_and_Media_News_and_Media-News,616,4527147,-6,246929852,779
southwest.com,Travel_and_Transport_Travel_and_Transport-Aviation,618,12732940,-29,198722798,409
overstock.com,Consumer_Goods_and_Retail_Consumer_Goods_and_Retail-General_Merchandise,619,9854202,-24,138872246,379
asus.com,Consumer_Goods_and_Retail_Consumer_Goods_and_Retail-Computers,620,3087983,-25,20216732,253
conservativetribune.com,News_and_Media_News_and_Media-News,630,6705407,-30,24369586,91
staples.com,Consumer_Goods_and_Retail_Consumer_Goods_and_Retail-Office_Products,631,9132746,-16,125852654,344
norton.com,Internet_Internet-Security,636,4832614,-16,65102116,192
windows.com,Computers_and_Technology_Computers_and_Technology-Software,639,3286088,-38,9085764,100
fidelity.com,Finance_and_Economics_Finance_and_Economics-Investing,640,7924219,-20,271016336,444
marketwatch.com,Finance_and_Economics_Finance_and_Economics-News,643,4816338,-29,55937101,304
squarespace.com,Internet_Internet-Blogging_Platforms_and_Tools,646,4712424,7,66107595,348
superuser.com,Computers_and_Technology_Computers_and_Technology-Programming,647,6461101,-9,11156360,104
udemy.com,Education_Education-Online,649,2551603,-19,39877856,478
pcmag.com,Computers_and_Technology_Computers_and_Technology-News,650,6692112,-20,28678881,196
bodybuilding.com,Consumer_Goods_and_Retail_Sports_Consumer_Goods_and_Retail-Health_and_Healthcare_Sports-Strength_Sports,651,5091619,-28,60705201,345
zulily.com,Consumer_Goods_and_Retail_Consumer_Goods_and_Retail-Clothing,652,6653829,-14,251587254,630
youjizz.com,Society_Society-Adult,654,3456415,-23,85918358,545
hostgator.com,Internet_Internet-Hosting,659,633709,-46,15720682,544
pch.com,Business_and_Industry_Business_and_Industry-Marketing_and_Advertising,660,4244747,3,347937157,825
latimes.com,News_and_Media_News_and_Media-News,661,9573821,-25,32705087,177
ytimg.com,Internet_Internet-File_Sharing_and_Storage,662,3613304,-12,6064675,73
patch.com,News_and_Media_News_and_Media-News,663,3924472,-7,13766395,76
constantcontact.com,Business_and_Industry_Internet_Business_and_Industry-Marketing_and_Advertising_Internet-Email,668,5193579,-30,62201340,304
swagbucks.com,Business_and_Industry_Business_and_Industry-Marketing_and_Advertising,670,1420217,-31,157371677,859
custhelp.com,Internet_Internet-Email,673,6679035,-28,26758990,170
bhphotovideo.com,Consumer_Goods_and_Retail_Consumer_Goods_and_Retail-Photography,674,8160223,-28,78018398,255
asana.com,Internet_Internet-Other,676,1378612,44,73574865,611
liveleak.com,News_and_Media_News_and_Media-News,677,4244404,-49,90337252,486
gawker.com,Arts_and_Entertainment_Arts_and_Entertainment-News,680,7187093,-40,64627784,256
houzz.com,Consumer_Goods_and_Retail_Consumer_Goods_and_Retail-Home_and_Garden,688,3871432,-22,65759823,343
slate.com,Society_Society-Politics_and_Activism,691,9604988,-21,57955656,272
howtogeek.com,Computers_and_Technology_Computers_and_Technology-Other,692,6856895,-8,13650655,124
gamepedia.com,Arts_and_Entertainment_Arts_and_Entertainment-Games,693,4440085,-24,67775888,451
cbsnews.com,News_and_Media_News_and_Media-News,696,9501426,-10,48580031,200
bitly.com,Business_and_Industry_Business_and_Industry-Marketing_and_Advertising,698,1372341,-39,10896080,174
siteadvisor.com,Internet_Internet-Security,700,5033797,-33,17162375,79
tinyurl.com,Internet_Internet-Hosting,701,5177381,27,8171525,37
nasa.gov,Computers_and_Technology_Computers_and_Technology-Space,702,7722986,24,56030081,208
shareasale.com,Business_and_Industry_Business_and_Industry-Other,708,3282486,-43,16954691,97
wayfair.com,Consumer_Goods_and_Retail_Consumer_Goods_and_Retail-General_Merchandise,713,8376071,-21,171329580,452
myfitnesspal.com,Health_and_Healthcare_Health_and_Healthcare-Weight_Loss,715,4652674,-18,181656785,468
foodnetwork.com,News_and_Media_News_and_Media-Television,716,12516704,-25,58592494,163
chron.com,News_and_Media_News_and_Media-News,718,6735729,-20,29436665,161
behance.net,Business_and_Industry_Business_and_Industry-Other,724,1935534,4,15551758,267
zoho.com,Internet_Internet-Other,726,526927,-23,18824682,665
backpage.com,Consumer_Goods_and_Retail_Consumer_Goods_and_Retail-General_Merchandise,729,4085338,-33,428854845,669
babycenter.com,Society_Society-Family,731,5452177,-14,62916846,363
xbox.com,Arts_and_Entertainment_Arts_and_Entertainment-Games,733,5038519,-29,49523907,252
priceline.com,Travel_and_Transport_Travel_and_Transport-Other,734,11739171,-34,125011921,328
iflscience.com,News_and_Media_News_and_Media-News,736,7843373,-6,22446667,165
cracked.com,Arts_and_Entertainment_Arts_and_Entertainment-Humor,738,3738181,-32,59605499,575
e-hentai.org,Society_Society-Adult,740,1034663,-15,80501487,700
eventbrite.com,Business_and_Industry_Business_and_Industry-Business_Services,744,7658260,-15,53418305,229
nydailynews.com,News_and_Media_News_and_Media-News,745,7761672,-31,42851920,296
tnaflix.com,Society_Society-Adult,747,4484112,-18,25540850,214
ew.com,Arts_and_Entertainment_Arts_and_Entertainment-News,752,10442071,-39,43392797,171
usaa.com,Finance_and_Economics_Finance_and_Economics-Insurance,753,6474321,-19,184909076,400
leagueoflegends.com,Arts_and_Entertainment_Arts_and_Entertainment-Games,756,4020101,-12,57052430,215
techradar.com,Computers_and_Technology_Computers_and_Technology-News,758,5433571,-15,12933985,142
gyazo.com,Computers_and_Technology_Computers_and_Technology-Software,763,1193271,-23,8941534,225
upwork.com,Business_and_Industry_Business_and_Industry-Other,766,3961502,26,151722496,783
ticketmaster.com,Consumer_Goods_and_Retail_Consumer_Goods_and_Retail-Entertainment,767,12911100,-18,106595837,270
usmagazine.com,News_and_Media_News_and_Media-Magazines,769,10719318,-35,76086070,203
blackboard.com,Education_Education-Other,771,5692597,35,475763850,733
united.com,Travel_and_Transport_Travel_and_Transport-Aviation,773,8746932,-24,169469969,493
tomshardware.com,Computers_and_Technology_Computers_and_Technology-News,775,6318469,-32,20519929,136
ibm.com,Computers_and_Technology_Computers_and_Technology-Other,776,2668847,-7,45216078,417
sharepoint.com,Computers_and_Technology_Computers_and_Technology-Software,779,4259294,22,103446218,400
food.com,News_and_Media_News_and_Media-Television,780,12479998,-15,50052009,125
fitbit.com,Health_and_Healthcare_Health_and_Healthcare-Weight_Loss,781,5080053,-20,85277850,314
atlassian.net,Computers_and_Technology_Computers_and_Technology-Software,785,1351489,41,111552195,853
webex.com,Business_and_Industry_Business_and_Industry-Business_Services,790,3988694,-15,73927108,268
agar.io,Arts_and_Entertainment_Arts_and_Entertainment-Games,791,4067173,-28,32178331,249
gamespot.com,Arts_and_Entertainment_Arts_and_Entertainment-Games,792,5738581,-24,33253282,161
popsugar.com,Arts_and_Entertainment_Arts_and_Entertainment-News,795,9920918,-18,102774852,189
jcpenney.com,Consumer_Goods_and_Retail_Consumer_Goods_and_Retail-General_Merchandise,798,9899193,-12,176569542,489
4chan.org,Internet_Internet-Social_Media,799,2201876,6,133910245,1019
messenger.com,Internet_Internet,800,4198735,-4,66399665,403
usbank.com,Finance_and_Economics_Finance_and_Economics-Banking,802,6313920,-20,138154194,316
news.com.au,News_and_Media_News_and_Media-News,803,2982148,-24,6531608,308
faithtap.com,Society_Society-Religion_and_Spirituality,805,6426404,21,15256188,119
mayoclinic.org,Health_and_Healthcare_Health_and_Healthcare-Education,806,8466472,-23,39188666,170
androidcentral.com,Computers_and_Technology_Computers_and_Technology-Software,809,6429003,-23,24265857,159
delta.com,Travel_and_Transport_Travel_and_Transport-Aviation,810,10213122,-27,217124844,536
coursera.org,Education_Education-Other,811,3807530,8,77288114,472
drtuber.com,Society_Society-Adult,813,4274589,-20,18108750,190
aa.com,Travel_and_Transport_Travel_and_Transport-Aviation,814,9066263,-29,170699525,484
zappos.com,Consumer_Goods_and_Retail_Consumer_Goods_and_Retail-Clothing,815,11494384,-15,171404690,291
t-mobile.com,Business_and_Industry_Business_and_Industry-Telecommunications,819,8756414,-19,131052493,411
adp.com,Finance_and_Economics_Finance_and_Economics-Services,821,8256364,-18,170513525,373
nypost.com,News_and_Media_News_and_Media-News,824,9381958,-29,45199381,202
citibank.com,Finance_and_Economics_Finance_and_Economics-Banking,825,4032612,-76,13301097,233
disq.us,Internet_Internet-Blogging_Platforms_and_Tools,826,5336308,11,13082233,18
mackeeper.com,News_and_Media_News_and_Media-News,830,5493786,-27,12685019,71
topix.com,News_and_Media_News_and_Media-News,831,9389047,-17,143301426,447
getpocket.com,Internet_Internet,834,2195429,-40,17481467,134
sex.com,Society_Society-Adult,843,322939,-43,4091190,547
ehow.com,Home_Home-Home_Improvement,844,9493731,-28,17061960,112
wp.com,Internet_Internet-Blogging_Platforms_and_Tools,845,2029602,-29,3625299,70
android.com,Computers_and_Technology_Computers_and_Technology-Software,851,2555025,-30,14962211,232
ted.com,Science_Science-News,853,3754020,-16,17353720,233
netteller.com,Finance_and_Economics_Finance_and_Economics-Services,858,6986531,-32,221483098,286
kotaku.com,Arts_and_Entertainment_Arts_and_Entertainment-Games,865,5326376,-38,54225657,221
match.com,Society_Society-Relationships,866,4494522,-12,270951041,786
cbc.ca,News_and_Media_News_and_Media-Television,871,2844014,-20,7057241,210
deviantart.net,Arts_and_Entertainment_Arts_and_Entertainment,874,3648436,-12,11884933,98
sfgate.com,News_and_Media_News_and_Media-News,876,7467507,-27,51800224,200
emgn.com,Arts_and_Entertainment_Arts_and_Entertainment-News,877,1304910,7,6603554,168
coupons.com,Home_Home-Lifestyle,879,7079085,-32,40910909,144
intel.com,Business_and_Industry_Consumer_Goods_and_Retail_Business_and_Industry-Electronics_and_Electrical_Consumer_Goods_and_Retail-Computers,880,3027714,-31,30800893,260
123rf.com,Arts_and_Entertainment_Arts_and_Entertainment-Photography,882,1590286,-8,10053522,255
zara.com,Consumer_Goods_and_Retail_Consumer_Goods_and_Retail-Clothing,883,3164792,-22,79354186,436
thedailybeast.com,News_and_Media_News_and_Media-News,884,9411094,-26,44519688,207
bluehost.com,Internet_Internet-Hosting,886,994131,-33,25918511,521
microsoftstore.com,Computers_and_Technology_Computers_and_Technology-Software,887,4852897,-23,20596294,167
forever21.com,Consumer_Goods_and_Retail_Consumer_Goods_and_Retail-Clothing,888,6101129,-19,183646310,687
tagged.com,Internet_Internet-Social_Media,889,1379376,-28,113843875,1211
entrepreneur.com,Business_and_Industry_Business_and_Industry-Other,890,2872044,-21,8534048,143
yellowpages.com,Reference_Reference-Directories,893,11280599,-18,38279668,122
roblox.com,Arts_and_Entertainment_Arts_and_Entertainment-Games,902,3726276,-28,404001685,1608
banggood.com,Society_Society-Adult,907,1913451,2,18782355,428
whitepages.com,Reference_Reference-Directories,910,9910130,-20,49006011,150
ebates.com,Home_Home-Lifestyle,913,4766256,-29,60249350,82
monster.com,Business_and_Industry_Business_and_Industry-Employment,914,6941856,-25,76425379,295
digg.com,Internet_Internet-Social_Media,915,579896,-29,6889513,223
dreamstime.com,Arts_and_Entertainment_Arts_and_Entertainment-Photography,916,2250024,-22,11496938,194
wiktionary.org,Reference_Reference-Dictionaries_and_Encyclopedias,922,4025727,-10,11741466,109
weather.gov,News_and_Media_News_and_Media-Weather,923,6276402,-31,81138458,170
hilton.com,Travel_and_Transport_Travel_and_Transport-Lodging,925,6991392,-36,91652360,389
cisco.com,Computers_and_Technology_Computers_and_Technology-Communications,926,2659584,-20,79364823,596
littlethings.com,Arts_and_Entertainment_Arts_and_Entertainment-News,927,11607671,-14,31391285,236
audible.com,News_and_Media_News_and_Media-Publishing,929,4680695,-22,91279729,414
academia.edu,Education_Education-Online,930,3256773,11,11208035,149
sbnation.com,Sports_Sports-News,931,9156027,-23,31865010,145
thekitchn.com,Home_Home-Cooking,932,6666277,-12,20342782,98
digitaltrends.com,Consumer_Goods_and_Retail_Consumer_Goods_and_Retail-Consumer_Information,933,7009833,-14,19937866,135
hubspot.com,Business_and_Industry_Business_and_Industry-Marketing_and_Advertising,934,997374,-32,21929633,439
sciencedirect.com,Science_Science-Publications,938,5095294,17,23613059,176
mit.edu,Education_Education-Colleges_and_Universities,939,3504084,-6,55156222,342
marriott.com,Travel_and_Transport_Travel_and_Transport-Lodging,943,7741605,-34,92262243,341
torcache.net,Arts_and_Entertainment_Arts_and_Entertainment,944,4171482,-10,41348211,145
hardsextube.com,Society_Society-Adult,946,3134612,-25,17417312,273
io9.com,News_and_Media_News_and_Media-News,948,5416054,-22,33900413,207
bedbathandbeyond.com,Consumer_Goods_and_Retail_Consumer_Goods_and_Retail-General_Merchandise,949,10258315,-19,102025570,339
investopedia.com,Finance_and_Economics_Finance_and_Economics-Investing,955,4436669,-22,15542577,170
basecamp.com,Internet_Internet-Other,956,1066636,4,47762821,557
mapquest.com,Reference_Reference-Maps,959,9305491,-26,44114493,208
thepiratebay.gd,Internet_Internet-File_Sharing_and_Storage,961,5365138,-8,69072544,227
porn.com,Society_Society-Adult,962,5151054,-34,55201251,335
images-amazon.com,Internet_Internet-Photos,964,4521290,-23,10046814,105
ultimate-guitar.com,Arts_and_Entertainment_Arts_and_Entertainment-Music,966,4439983,-8,64479829,422
ebay.ca,Consumer_Goods_and_Retail_Consumer_Goods_and_Retail-Auctions,968,1718125,-34,7592888,405
walgreens.com,Consumer_Goods_and_Retail_Consumer_Goods_and_Retail-Health_and_Healthcare,972,7398790,-25,99531993,349
gofundme.com,Finance_and_Economics_Finance_and_Economics-Investing,974,6290431,-31,26854273,193
hdzog.com,Society_Society-Adult,981,1157592,-40,5603061,224
myfreecams.com,Society_Society-Adult,988,3706231,-25,172922055,824
livestrong.com,Health_and_Healthcare_Health_and_Healthcare-Weight_Loss,996,7416677,-29,17563633,120
giphy.com,Internet_Internet-Photos,1001,4431867,-11,33223602,160
cbs.com,News_and_Media_News_and_Media-Television,1002,14465002,23,105836507,214
rollingstone.com,Arts_and_Entertainment_Arts_and_Entertainment-News,1004,6642571,-20,43752533,213
westernjournalism.com,News_and_Media_News_and_Media-News,1007,4711022,-18,15799674,111
macrumors.com,Computers_and_Technology_Computers_and_Technology-Systems,1009,7432489,-3,37173570,160
theblaze.com,News_and_Media_News_and_Media-News,1013,5229916,-38,50198266,386
nbcsports.com,Sports_Sports-News,1014,10049107,-10,71710619,224
tutorialspoint.com,Computers_and_Technology_Computers_and_Technology-Programming,1020,4123462,29,18564962,206
mtv.com,News_and_Media_News_and_Media-Television,1024,9247959,-23,46181166,223
complex.com,Society_Society-Other,1025,6514767,-10,38131061,169
redfin.com,Business_and_Industry_Business_and_Industry-Real_Estate,1026,6405900,-22,117821122,374
instructure.com,Education_Education-Online,1030,5200665,83,469607344,764
state.gov,Government_Government-National,1031,5192481,-24,61536659,446
adultfriendfinder.com,Society_Society-Adult,1038,2112971,-46,73324014,770
dafont.com,Computers_and_Technology_Computers_and_Technology-Graphics,1039,2648827,-12,35587094,335
noaa.gov,Government_Science_Government-National_Science-Environment,1040,5695206,-10,53857035,197
genius.com,Education_Education-Online,1041,5556012,5,40702508,213
cbslocal.com,News_and_Media_News_and_Media-News,1044,7877087,-31,21304564,133
xtube.com,Society_Society-Adult,1045,4752813,-12,167548152,633
istockphoto.com,Arts_and_Entertainment_Arts_and_Entertainment-Photography,1046,556404,-20,9689088,535
usnews.com,News_and_Media_News_and_Media-Magazines,1051,7127763,-16,24460327,148
onlinecreditcenter6.com,Finance_and_Economics_Finance_and_Economics-Services,1052,13022752,-19,153874541,244
nationalgeographic.com,News_and_Media_News_and_Media-Journalism,1056,6046437,-13,29957842,183
uber.com,Travel_and_Transport_Travel_and_Transport-Autos,1057,4756185,-30,40185811,260
breitbart.com,News_and_Media_News_and_Media-News,1058,5258651,-20,42604095,302
discogs.com,Arts_and_Entertainment_Arts_and_Entertainment-Music,1060,2470994,-25,61360714,485
websta.me,Internet_Internet-Photos,1061,2537297,-31,21825278,233
boredpanda.com,News_and_Media_News_and_Media-News,1063,3680726,-7,10345798,191
barnesandnoble.com,Consumer_Goods_and_Retail_Consumer_Goods_and_Retail-Books,1064,8708532,-29,90263247,282
inquirer.net,News_and_Media_News_and_Media-Magazines,1066,474279,-35,3591140,312
theatlantic.com,News_and_Media_News_and_Media-Magazines,1069,9246606,-4,30304097,204
qvc.com,Consumer_Goods_and_Retail_Consumer_Goods_and_Retail-General_Merchandise,1070,4837950,-16,165958834,580
legacy.com,Society_Society-Genealogy,1071,9252475,-17,76934285,180
apache.org,Computers_and_Technology_Computers_and_Technology-Software,1072,1088185,-24,7969154,227
irs.gov,Business_and_Industry_Government_Business_and_Industry-Legal_Government-National,1075,5760533,-35,55589487,285
ft.com,Finance_and_Economics_Finance_and_Economics-News,1076,3950810,-26,16564505,186
askubuntu.com,Computers_and_Technology_Computers_and_Technology-Software,1078,4142081,1,11898548,161
merriam-webster.com,Reference_Reference-Dictionaries_and_Encyclopedias,1083,5417367,-18,19169609,167
makeuseof.com,Reference_Reference-Other,1084,3196320,-29,5911494,108
garmin.com,Business_and_Industry_Business_and_Industry-Telecommunications,1087,3429166,-30,50317210,358
motherless.com,Society_Society-Adult,1089,2897551,-18,100909723,678
abc.net.au,News_and_Media_News_and_Media-Television,1093,1620124,-14,3247122,202
crunchyroll.com,Arts_and_Entertainment_Arts_and_Entertainment-Comics,1094,2340298,-7,67003127,396
fandango.com,Arts_and_Entertainment_Arts_and_Entertainment-Movies,1100,10785124,-45,69387964,246
vox.com,News_and_Media_News_and_Media-News,1102,7960447,-24,24194489,184
biblegateway.com,Society_Society-Religion_and_Spirituality,1103,6203068,-18,62756042,338
mangafox.me,Arts_and_Entertainment_Arts_and_Entertainment-Comics,1106,1132282,-10,21989295,733
foursquare.com,Internet_Internet-Social_Media,1107,3152496,-35,10604946,115
postimg.org,Internet_Internet-Photos,1109,1332712,-47,4283773,122
wiley.com,News_and_Media_News_and_Media-Publishing,1111,4915488,15,28539978,167
nocookie.net,Reference_Reference-Dictionaries_and_Encyclopedias,1112,3918166,-23,10344889,95
rarbg.to,Internet_Internet-File_Sharing_and_Storage,1114,1379256,-20,55489969,362
clicksvenue.com,Business_and_Industry_Business_and_Industry-Marketing_and_Advertising,1115,5091394,-19,10563212,24
toysrus.com,Consumer_Goods_and_Retail_Consumer_Goods_and_Retail-General_Merchandise,1116,7877375,-19,120223266,352
bitbucket.org,Computers_and_Technology_Computers_and_Technology-Software,1119,1203944,25,31791933,447
today.com,Internet_Internet-Blogging_Platforms_and_Tools,1122,9571329,-2,26856242,172
battlefield.com,Arts_and_Entertainment_Arts_and_Entertainment-Games,1125,1426841,-24,47487935,392
typepad.com,Internet_Internet-Blogging_Platforms_and_Tools,1126,3018135,-30,11529319,165
imagebam.com,Internet_Internet-Photos,1128,905457,-25,16039191,192
creditkarma.com,Finance_and_Economics_Finance_and_Economics-Services,1131,6617635,-24,84473951,323
movie4k.to,Internet_Internet-Videos,1134,3602948,-14,87691714,177
pcworld.com,Computers_and_Technology_Computers_and_Technology-News,1139,3838153,-22,8829991,132
lynda.com,Internet_Internet-Web_Design_and_Development,1140,1790408,-34,17838246,415
indiegogo.com,Finance_and_Economics_Finance_and_Economics-Investing,1141,4061004,-37,20011351,220
serverfault.com,Computers_and_Technology_Computers_and_Technology-Programming,1142,2749375,X,6583332,121
cam4.com,Society_Society-Adult,1143,5338387,-19,52620416,424
nuvid.com,Society_Society-Adult,1144,3191462,-30,12204727,164
stanford.edu,Education_Education-Colleges_and_Universities,1145,3480194,-5,36305921,245
pnc.com,Finance_and_Economics_Finance_and_Economics-Services,1151,6149539,-26,86315454,214
codeproject.com,Computers_and_Technology_Computers_and_Technology-Programming,1153,1514074,2,5327013,143
mail.com,Internet_Internet-Email,1155,1026484,-51,21477464,292
harvard.edu,Education_Education-Colleges_and_Universities,1156,3602642,8,53946976,320
deadspin.com,Sports_Sports-News,1158,6737409,-40,74291805,278
fanfiction.net,Arts_and_Entertainment_Arts_and_Entertainment-Writing,1159,3860658,-20,241903710,1550
dhgate.com,Consumer_Goods_and_Retail_Consumer_Goods_and_Retail-General_Merchandise,1163,2102164,-34,24854112,386
drugs.com,Health_and_Healthcare_Health_and_Healthcare-Pharmacy,1166,8964869,-26,29778029,174
jezebel.com,News_and_Media_News_and_Media-News,1168,6163400,-32,51911712,278
tutsplus.com,Internet_Internet-Web_Design_and_Development,1169,1868473,-14,4832453,133
elance.com,Business_and_Industry_Business_and_Industry-Business_Services,1171,326761,-35,5746216,676
polyvore.com,Consumer_Goods_and_Retail_Consumer_Goods_and_Retail-General_Merchandise,1172,3098068,-10,26636426,283
fortune.com,News_and_Media_News_and_Media-News,1175,9354541,5,24592602,134
eenadu.net,News_and_Media_News_and_Media-News,1178,649883,-23,33916756,637
hubpages.com,Internet_Internet-Blogging_Platforms_and_Tools,1183,2971936,-35,7077607,157
ibtimes.co.uk,News_and_Media_News_and_Media-News,1184,6201351,-17,39250240,292
gamestop.com,Arts_and_Entertainment_Arts_and_Entertainment-Games,1186,5924196,-33,100825740,296
samsclub.com,Consumer_Goods_and_Retail_Consumer_Goods_and_Retail-General_Merchandise,1193,6879731,-29,86699673,332
kbb.com,Travel_and_Transport_Travel_and_Transport-Autos,1194,6500427,-32,91752496,374
autotrader.com,Travel_and_Transport_Travel_and_Transport-Autos,1196,6042951,-34,125295096,549
inc.com,Business_and_Industry_Business_and_Industry-Other,1197,3466771,-10,9998392,139
vodlocker.com,Internet_Internet-Videos,1199,4205133,-13,46584815,149
discover.com,Finance_and_Economics_Finance_and_Economics-Banking,1200,10984612,-25,32161309,34
si.com,Sports_Sports-News,1204,7848638,-8,48218456,208
po.st,Business_and_Industry_Business_and_Industry-Marketing_and_Advertising,1205,3744144,-32,10491475,32
dailykos.com,Society_Society-Politics_and_Activism,1207,5480976,-25,44128473,311
liveperson.net,Computers_and_Technology_Computers_and_Technology-Software,1212,4997085,-34,20022428,206
thenextweb.com,News_and_Media_News_and_Media-News,1220,2364914,-5,4804823,123
phonearena.com,Consumer_Goods_and_Retail_Consumer_Goods_and_Retail-Consumer_Information,1223,2646399,-34,12510651,194
nba.com,Sports_Sports-Basketball,1227,2688741,-75,19172533,222
sephora.com,Consumer_Goods_and_Retail_Consumer_Goods_and_Retail-Beauty_Products,1230,3469817,-19,76272603,476
arstechnica.com,Computers_and_Technology_Computers_and_Technology-News,1231,4047928,-6,22246760,207
mgid.com,Internet_Internet-Other,1232,2268045,-47,6583193,135
linkwithin.com,Internet_Internet-Web_Design_and_Development,1235,1959236,-50,4798743,20
kissanime.com,Arts_and_Entertainment_Arts_and_Entertainment-Comics,1236,2164099,12,96084673,492
wattpad.com,Computers_and_Technology_Computers_and_Technology-Software,1241,2390152,-25,53256339,856
mint.com,Finance_and_Economics_Finance_and_Economics-Banking,1242,4467493,-20,102142358,386
cvs.com,Consumer_Goods_and_Retail_Consumer_Goods_and_Retail-Health_and_Healthcare,1243,10050161,-24,89003691,204
hgtv.com,Home_Home-Home_Improvement,1249,4660105,-2,56342576,214
brassring.com,Business_and_Industry_Business_and_Industry-Business_Services,1252,7251551,-26,105749642,339
salon.com,Society_Society-Politics_and_Activism,1257,6115495,-38,30164811,298
jw.org,Society_Society-Religion_and_Spirituality,1260,1239665,10,31805724,604
rakuten.com,Consumer_Goods_and_Retail_Consumer_Goods_and_Retail-General_Merchandise,1261,2686099,-39,18807082,177
list-manage1.com,Business_and_Industry_Business_and_Industry-Marketing_and_Advertising,1262,2673092,-30,4181488,49
piriform.com,Computers_and_Technology_Computers_and_Technology-Software,1263,2395578,-38,6723787,106
hollywoodreporter.com,Arts_and_Entertainment_Arts_and_Entertainment-News,1264,7476014,-38,26863903,144
shutterfly.com,Consumer_Goods_and_Retail_Consumer_Goods_and_Retail-Photography,1266,4903473,-16,107586007,468
fool.com,Finance_and_Economics_Finance_and_Economics-Investing,1270,6813303,-25,24961329,169
iherb.com,Health_and_Healthcare_Health_and_Healthcare-Alternative,1272,648609,-36,4583741,446
tomsguide.com,News_and_Media_News_and_Media-News,1273,5498320,-16,11070163,110
sprint.com,Business_and_Industry_Business_and_Industry-Telecommunications,1278,7039571,-27,130652641,417
ashleymadison.com,Internet_Internet-Social_Media,1281,1727572,-78,5712182,129
upworthy.com,News_and_Media_News_and_Media-Alternative,1282,6200293,-28,16481632,190
lego.com,Consumer_Goods_and_Retail_Consumer_Goods_and_Retail-Toys_and_Games,1283,3806470,-16,80203162,457
edmunds.com,Travel_and_Transport_Travel_and_Transport-Autos,1285,6508828,-25,45822291,249
worldstarhiphop.com,Arts_and_Entertainment_Arts_and_Entertainment-Music,1286,4173922,-32,135718806,620
cafemom.com,Society_Society-Family,1289,5803486,-30,76531097,301
foxsports.com,Sports_Sports-News,1290,6810004,-7,44406073,210
renren.com,Internet_Internet-Social_Media,1294,924177,-32,15893053,251
tvguide.com,News_and_Media_News_and_Media-Television,1302,10619078,-5,84024089,179
spankwire.com,Society_Society-Adult,1306,3953657,-20,24203011,197
warriorforum.com,Business_and_Industry_Business_and_Industry-Marketing_and_Advertising,1309,429739,-29,3223934,296
dmv.org,Government_Government-National,1311,4391427,-25,16980234,162
1and1.com,Internet_Internet-Hosting,1312,557469,-10,9833340,393
dpreview.com,Consumer_Goods_and_Retail_Consumer_Goods_and_Retail-Consumer_Information,1316,3306092,-30,45139521,290
politico.com,News_and_Media_News_and_Media-News,1318,6269276,-21,38677410,288
reallifecam.com,Society_Society-Adult,1321,4963923,89,53560490,374
thechive.com,Internet_Internet-Photos,1323,4618143,-31,57629039,438
serving-sys.com,Business_and_Industry_Business_and_Industry-Marketing_and_Advertising,1326,3972907,-31,5317707,44
prezi.com,Reference_Reference-Other,1330,3603061,12,25036442,264
mediaplex.com,Business_and_Industry_Business_and_Industry-Marketing_and_Advertising,1331,4775076,-38,9490810,21
flirt4free.com,Society_Society-Adult,1334,2512415,-27,18421138,147
cars.com,Consumer_Goods_and_Retail_Consumer_Goods_and_Retail-Classifieds,1338,4634508,-22,93030560,496
schwab.com,Finance_and_Economics_Finance_and_Economics-Investing,1339,4464840,-12,140199002,451
refinery29.com,Arts_and_Entertainment_Arts_and_Entertainment-News,1341,8598767,-1,150830504,211
tickld.com,Internet_Internet-Social_Media,1343,8243863,-17,19350347,196
rei.com,Consumer_Goods_and_Retail_Consumer_Goods_and_Retail-Recreation,1345,6185648,-18,85351116,322
brainyquote.com,Reference_Reference-Quotations,1346,3141483,-28,11262550,187
wowhead.com,Arts_and_Entertainment_Arts_and_Entertainment-Games,1351,1305859,-7,43623020,462
empflix.com,Society_Society-Adult,1352,2799562,1,12442386,178
ea.com,Arts_and_Entertainment_Arts_and_Entertainment-Games,1353,4757659,-15,31395765,187
mcafee.com,Internet_Internet-Security,1354,2747831,-27,13989277,182
tunein.com,Arts_and_Entertainment_Arts_and_Entertainment-News,1358,3130867,-29,18503823,152
givemesport.com,Sports_Sports-News,1362,778997,-28,6185012,174
ed.gov,Education_Government_Education-Other_Government-National,1365,5479356,-30,72150363,507
depositphotos.com,Internet_Internet-Photos,1367,464759,-29,4201310,325
iconosquare.com,Internet_Internet-Photos,1371,1154482,-45,26931614,413
watch-series-tv.to,Internet_Internet-Videos,1377,21190,-100,50961,198
seekingalpha.com,Finance_and_Economics_Finance_and_Economics-Services,1378,2110416,-26,42672843,875
myanimelist.net,Arts_and_Entertainment_Arts_and_Entertainment-Comics,1380,1959545,-18,42693996,311
pbs.org,Government_News_and_Media_Government-National_News_and_Media-Television,1382,9243066,7,39614489,181
weheartit.com,X,1387,723397,-25,5917518,437
mangareader.net,Arts_and_Entertainment_Arts_and_Entertainment-Comics,1391,916982,-17,69651696,848
orbitz.com,Travel_and_Transport_Travel_and_Transport-Other,1393,8723517,-29,95389728,382
qz.com,X,1395,5499714,19,13504301,150
efukt.com,Society_Society-Adult,1398,1377198,-21,12140181,238
32d1d3b9c.se,X,1400,3460990,-30,9681170,16
victoriassecret.com,Consumer_Goods_and_Retail_Consumer_Goods_and_Retail-Clothing,1404,6777650,-25,112742364,494
miniclip.com,Arts_and_Entertainment_Arts_and_Entertainment-Games,1414,6225180,-18,73479051,316
conduit.com,Internet_Internet-Other,1420,2504242,-43,29850053,74
tattoodo.com,X,1421,889379,-19,3448301,77
nudevista.com,Society_Society-Adult,1423,2687305,-20,42362849,315
kizi.com,X,1424,3274638,-23,65434968,637
iciba.com,X,1425,923532,-10,18312540,405
uniqlo.com,X,1431,2059324,-4,29477072,385
lg.com,Business_and_Industry_Business_and_Industry-Engineering,1433,2831943,-47,12004280,196
duolingo.com,X,1434,2482559,28,47973131,628
springer.com,News_and_Media_News_and_Media-Publishing,1435,3879094,12,14513799,146
bankrate.com,Finance_and_Economics_Finance_and_Economics-Personal_Finance,1437,4840191,-28,25661114,191
all-free-download.com,Internet_Internet-Other,1440,1215802,-10,7834556,199
officedepot.com,Consumer_Goods_and_Retail_Consumer_Goods_and_Retail-Office_Products,1441,5833671,-22,72927434,344
vrbo.com,Travel_and_Transport_Travel_and_Transport-Lodging,1443,4496349,-34,120366051,679
economist.com,Business_and_Industry_Business_and_Industry-News,1445,3740384,-4,13706117,183
strava.com,X,1446,1488194,2,52406385,505
disney.go.com,X,1450,5244756,-21,111694629,546
doodle.com,X,1452,4054253,35,27298567,238
express.co.uk,X,1453,3897308,-13,7686697,175
babylon.com,Internet_Internet-Other,1454,4037534,-28,17793548,109
voyeurhit.com,X,1460,840808,-34,3161562,349
capitalone360.com,X,1464,5481039,-31,113399174,297
quizlet.com,X,1469,8937882,48,140842465,432
trovi.com,X,1470,4331949,-43,59136423,86
wwe.com,Arts_and_Entertainment_Arts_and_Entertainment-Performing_Arts,1472,2785710,-46,53699192,303
googleapis.com,X,1473,9018353,-58,20950975,83
citrixonline.com,Computers_and_Technology_Computers_and_Technology-Communications,1477,2707315,-30,15457163,142
justporno.tv,Society_Society-Adult,1481,3293756,-2,15433896,168
dhl.com,X,1482,1320239,-19,10320343,227
metro.co.uk,X,1483,2356295,-29,4141099,179
craigslist.ca,Consumer_Goods_and_Retail_Consumer_Goods_and_Retail-Classifieds,1486,1397951,-22,10195866,483
humblebundle.com,Arts_and_Entertainment_Arts_and_Entertainment-Games,1487,2694223,-11,31851377,191
redirectvoluum.com,X,1489,4754430,-7,7943122,21
kongregate.com,Arts_and_Entertainment_Arts_and_Entertainment-Games,1493,1709959,-28,28454959,344
bandcamp.com,X,1495,3271265,-20,26290892,206
unity3d.com,X,1499,1260952,-10,19678148,388
qualtrics.com,Internet_Internet-Hosting,1501,6192245,-30,41327690,258
newyorker.com,Arts_and_Entertainment_Arts_and_Entertainment-Literature,1502,6540499,-15,20451911,159
bloglovin.com,Internet_Internet-Blogging_Platforms_and_Tools,1503,1174700,-40,14418792,289
softpedia.com,Computers_and_Technology_Computers_and_Technology-Software,1505,1425770,-21,3206477,169
ning.com,Internet_Internet-Social_Media,1510,816969,-32,5801127,241
nextdoor.com,X,1511,5159836,3,55045890,222
ubuntu.com,Computers_and_Technology_Computers_and_Technology-Software,1513,1593895,-15,6870937,180
jalopnik.com,Travel_and_Transport_Travel_and_Transport-Autos,1522,6324697,-15,50516904,262
canva.com,X,1527,1395373,2,21998805,377
icims.com,Computers_and_Technology_Computers_and_Technology-Software,1529,6301240,-30,54047925,211
barclaycardus.com,X,1531,6048470,-31,93210005,247
directv.com,News_and_Media_News_and_Media-Television,1532,7847191,-11,87475861,351
dribbble.com,X,1535,424044,13,7204637,330
last.fm,News_and_Media_News_and_Media-Radio,1536,2504964,-36,15077469,220
ibtimes.com,Business_and_Industry_Business_and_Industry-News,1539,5946761,-38,13014380,209
city-data.com,X,1540,5037033,-34,24236382,210
khanacademy.org,Education_Education-Online,1542,6125838,13,67168014,453
getresponse.com,Business_and_Industry_Business_and_Industry-Marketing_and_Advertising,1543,529294,-47,5980242,444
viralnova.com,X,1547,2347540,-58,19423571,266
vistaprint.com,Business_and_Industry_Business_and_Industry-Printing,1551,2876744,-28,74621885,639
chicagotribune.com,News_and_Media_News_and_Media-News,1552,4620269,-25,24184453,234
ihg.com,X,1556,5336228,-44,50663639,302
zdnet.com,Computers_and_Technology_Computers_and_Technology-News,1557,3023641,-20,8694853,140
wunderlist.com,X,1563,1107103,-23,34027301,307
cosmopolitan.com,Society_Society-Women,1565,6615566,-32,29419549,183
pixlr.com,Computers_and_Technology_Computers_and_Technology-Graphics,1566,1446466,-43,7150144,229
lockerdome.com,X,1570,1332737,-52,15645415,96
zimbio.com,Arts_and_Entertainment_Arts_and_Entertainment-News,1571,4792286,-31,25761712,203
howstuffworks.com,Reference_Reference-Dictionaries_and_Encyclopedias,1572,3574309,-32,11373735,158
instantcheckmate.com,X,1573,10522685,4,34601233,195
bizjournals.com,Business_and_Industry_Business_and_Industry-News,1574,3795253,-29,22515818,175
cheezburger.com,Internet_Internet-Photos,1578,2238303,14,28285764,432
clickbank.com,Business_and_Industry_Business_and_Industry-Other,1582,317424,-5,3627375,315
staticflickr.com,X,1590,2132274,-38,5772933,89
imagefap.com,Society_Society-Adult,1591,1740220,-26,87529632,910
metrolyrics.com,Arts_and_Entertainment_Arts_and_Entertainment-Music,1594,7109615,-25,16319734,136
uproxx.com,X,1596,6842293,-39,38346494,247
porntube.com,Society_Society-Adult,1600,2420084,-27,21310844,289
berkeley.edu,Education_Education-Colleges_and_Universities,1602,2715201,X,45283813,329
metacritic.com,Arts_and_Entertainment_Arts_and_Entertainment-News,1606,3647694,-41,25679574,157
ssisurveys.com,X,1610,1642372,-40,25758322,208
nexusmods.com,Arts_and_Entertainment_Arts_and_Entertainment-Games,1611,1464181,-41,68864189,902
greatergood.com,X,1614,2457729,-5,49124301,176
kmart.com,Consumer_Goods_and_Retail_Consumer_Goods_and_Retail-General_Merchandise,1615,6867072,-30,99033608,372
aarp.org,Society_Society-Other,1616,5323191,-21,90124538,479
oneplus.net,X,1617,1821417,7,19521054,280
codecademy.com,X,1618,1189231,3,22019899,793
kinja.com,X,1619,3687408,-14,25973543,128
flipboard.com,X,1621,2069532,-23,16090253,134
casualgameportal.com,Arts_and_Entertainment_Arts_and_Entertainment-Games,1623,1393,-89,10816,162
pastebin.com,X,1624,1423114,-42,5648218,162
500px.com,X,1625,715266,-29,8794500,381
cc.com,X,1626,6522390,-17,42173220,235
cambridge.org,Consumer_Goods_and_Retail_Consumer_Goods_and_Retail-Publications,1630,2233351,6,5798248,225
gstatic.com,X,1635,1977783,-34,3657459,66
slashdot.org,Computers_and_Technology_Computers_and_Technology-News,1645,547228,-11,4449693,241
livingsocial.com,Consumer_Goods_and_Retail_Consumer_Goods_and_Retail-Classifieds,1646,6113533,-29,38074505,175
billboard.com,Arts_and_Entertainment_Arts_and_Entertainment-Music,1654,7815549,-28,22044918,146
netdna-cdn.com,X,1656,2406782,-24,4210923,84
pogo.com,Arts_and_Entertainment_Arts_and_Entertainment-Games,1657,3524659,7,228878101,775
brazzers.com,Society_Society-Adult,1662,1405596,-25,40104524,372
webcrawler.com,Internet_Internet-Search_Engines,1667,3428163,-52,7736085,75
consumerreports.org,Consumer_Goods_and_Retail_Consumer_Goods_and_Retail-Consumer_Information,1668,5537088,-32,42160662,296
spankbang.com,Society_Society-Adult,1672,4098815,-1,57225126,317
keezmovies.com,Society_Society-Adult,1673,3398151,-21,18782393,217
disney.com,X,1676,5953864,-27,68628722,343
ecollege.com,Education_Education-Other,1689,5451207,67,167690583,224
psu.edu,Education_Education-Colleges_and_Universities,1690,3378153,-3,71396893,419
accountonline.com,X,1691,7823311,-29,89435635,301
homeaway.com,Travel_and_Transport_Travel_and_Transport-Lodging,1693,3073340,-34,46579807,369
gorillavid.in,Internet_Internet-Videos,1695,1701579,-12,29151798,220
tinypic.com,Internet_Internet-Photos,1697,1524882,-54,4405462,117
gotomeeting.com,Computers_and_Technology_Computers_and_Technology-Communications,1700,2805214,-17,15183643,162
zazzle.com,Business_and_Industry_Business_and_Industry-Printing,1701,3065188,-30,35057998,348
gotowebinar.com,X,1703,2402969,-29,13361301,151
careerbuilder.com,Business_and_Industry_Business_and_Industry-Employment,1704,2849664,-20,39880873,356
pornmd.com,Society_Society-Adult,1706,2702205,-18,59759450,245
sammydress.com,X,1707,3518764,3,90746482,602
medicinenet.com,Health_and_Healthcare_Health_and_Healthcare-Education,1708,5821269,-31,24853850,213
patheos.com,X,1712,5732277,-14,22768592,129
vporn.com,Society_Society-Adult,1715,2460654,-41,30645709,327
picmonkey.com,X,1718,2190837,-43,14037121,235
cinemablend.com,Arts_and_Entertainment_Arts_and_Entertainment-Movies,1721,5215820,-29,16650359,159
ranker.com,X,1726,4402633,-31,48499063,260
unilad.co.uk,X,1728,3114532,52,8285488,185
editor.wix.com,X,1730,1056271,-6,7022534,251
evite.com,Internet_Internet-Email,1733,7288561,-20,55158036,254
jcrew.com,Consumer_Goods_and_Retail_Consumer_Goods_and_Retail-Clothing,1739,4318691,-16,88002322,394
nymag.com,X,1744,4493502,-21,27412014,201
xkcd.com,Arts_and_Entertainment_Arts_and_Entertainment-Comics,1747,2832308,2,26333609,135
zerohedge.com,X,1752,980503,-19,13229499,423
nowvideo.sx,X,1755,2002230,-26,13818487,109
earthlink.net,Internet_Internet-Other,1763,2088200,-16,133129949,823
greatandhra.com,X,1766,849398,-7,47114212,480
mentalfloss.com,News_and_Media_News_and_Media-Magazines,1772,5612990,-19,19464008,204
archiveofourown.org,X,1774,1421061,-29,90859806,1201
timewarnercable.com,X,1777,5768282,-26,70979753,297
hsn.com,Consumer_Goods_and_Retail_Consumer_Goods_and_Retail-General_Merchandise,1779,4419912,-13,88732240,609
manta.com,Business_and_Industry_Business_and_Industry-News,1783,3587195,-10,9385037,115
globaltestmarket.com,Business_and_Industry_Business_and_Industry-Marketing_and_Advertising,1786,1802666,-38,46198458,249
webs.com,Internet_Internet-Social_Media,1792,1209644,-19,6987803,212
dawn.com,X,1795,1023916,3,16662055,999
teamviewer.com,Computers_and_Technology_Computers_and_Technology-Software,1797,1370949,-24,5395605,180
variety.com,Arts_and_Entertainment_Arts_and_Entertainment-News,1798,6354110,-34,15000880,130
vmware.com,Computers_and_Technology_Computers_and_Technology-Software,1799,1680941,-4,24823893,422
pcadvisor.co.uk,Computers_and_Technology_Computers_and_Technology-News,1800,3174790,-11,4365710,112
opentable.com,Arts_and_Entertainment_Arts_and_Entertainment-Dining,1801,5775651,-28,49323393,240
lifehack.org,Home_Home-Personal_Organization,1802,2382767,-11,6931475,168
theonion.com,Arts_and_Entertainment_Arts_and_Entertainment-Humor,1803,6579531,-6,25578080,184
msnbc.com,News_and_Media_News_and_Media-Television,1805,5182002,6,24826047,232
healthline.com,Health_and_Healthcare_Health_and_Healthcare-Education,1808,6218516,-19,30139272,152
emirates.com,Travel_and_Transport_Travel_and_Transport-Aviation,1809,1503789,-31,17030518,470
gilt.com,X,1813,2672692,-32,63302295,338
angieslist.com,Business_and_Industry_Business_and_Industry-Construction_and_Maintenance,1819,3553678,-24,30751271,270
starbucks.com,Arts_and_Entertainment_Arts_and_Entertainment-Dining,1821,4313852,-40,36375858,218
realsimple.com,Home_Home-Lifestyle,1822,3585834,-26,21600767,134
moviepilot.com,Arts_and_Entertainment_Arts_and_Entertainment-Movies,1823,6586425,-28,25409829,190
rackspace.com,Internet_Internet-Hosting,1824,592485,-33,15306617,485
elitedaily.com,X,1826,5179515,-44,13448570,168
tigerdirect.com,Consumer_Goods_and_Retail_Consumer_Goods_and_Retail-Consumer_Electronics,1828,3061625,-24,32350351,249
fatwallet.com,Home_Home-Lifestyle,1829,1921354,-38,26901621,174
mic.com,Consumer_Goods_and_Retail_Consumer_Goods_and_Retail-Computers,1831,6661989,-23,15156116,163
samplicio.us,X,1832,1828748,-48,55588765,126
g2a.com,Arts_and_Entertainment_Arts_and_Entertainment-Games,1838,1343131,-20,15414892,278
stubhub.com,Consumer_Goods_and_Retail_Consumer_Goods_and_Retail-Entertainment,1841,6898129,-13,79437453,301
pcgamer.com,Arts_and_Entertainment_Arts_and_Entertainment-Games,1842,2901695,-25,13466290,144
playbuzz.com,X,1844,6397695,-50,19771503,264
starwoodhotels.com,Travel_and_Transport_Travel_and_Transport-Lodging,1845,3692110,-39,45847207,318
solarmovie.is,X,1850,1797679,-18,102014030,407
hollywoodlife.com,Society_Society-Other,1852,6718080,-40,20535589,151
ink361.com,X,1853,1828467,-46,9372612,188
lonelyplanet.com,Travel_and_Transport_Travel_and_Transport-Other,1859,1544621,-39,5559586,160
urbanoutfitters.com,Consumer_Goods_and_Retail_Consumer_Goods_and_Retail-General_Merchandise,1862,4299097,-19,73783307,415
ny.gov,Government_Government-Regional_and_City,1864,4336416,-24,60676977,307
ustream.tv,X,1868,2873737,-14,8881398,158
ravelry.com,Arts_and_Entertainment_Arts_and_Entertainment-Crafts,1871,1770407,-5,153765755,947
toptenreviews.com,X,1876,2498339,-31,7601589,126
ksl.com,News_and_Media_News_and_Media-Television,1880,1356151,-12,59098174,555
myspace.com,Internet_Internet-Social_Media,1882,1882740,-49,8850334,145
kaspersky.com,Internet_Internet-Security,1884,974621,-21,4569574,234
logitech.com,Consumer_Goods_and_Retail_Consumer_Goods_and_Retail-Computers,1886,2057181,-33,12651774,247
dickssportinggoods.com,Consumer_Goods_and_Retail_Consumer_Goods_and_Retail-Sporting_Goods,1888,4819187,-30,53926319,268
timeout.com,Travel_and_Transport_Travel_and_Transport-Other,1893,4522939,-25,19886874,167
here.com,X,1894,3298703,-12,23137635,154
rr.com,Internet_Internet-Other,1899,6135571,-21,134766822,276
csgolounge.com,Arts_and_Entertainment_Arts_and_Entertainment-Games,1900,561002,-6,64358345,896
bbb.org,Consumer_Goods_and_Retail_Consumer_Goods_and_Retail-Consumer_Information,1901,2827835,-35,11949894,163
health.com,Health_and_Healthcare_Health_and_Healthcare-News,1903,3076389,-35,23216453,205
edx.org,Education_Education-Other,1905,1904768,-7,29632742,437
examiner.com,News_and_Media_News_and_Media-News,1907,3013997,-61,8184965,153
wnd.com,Society_Society-Politics_and_Activism,1908,1761632,-23,9838237,209
dummies.com,X,1909,3940180,-11,6991077,110
sheknows.com,Society_Society-Women,1910,6387795,8,38580066,168
sierratradingpost.com,Consumer_Goods_and_Retail_Consumer_Goods_and_Retail-Clothing,1916,4445342,-14,89904744,536
cox.net,Computers_and_Technology_Computers_and_Technology-Software,1919,2680247,-34,67756477,351
bgr.com,Consumer_Goods_and_Retail_Consumer_Goods_and_Retail-Consumer_Information,1928,5321467,-15,19651440,156
britishairways.com,Travel_and_Transport_Travel_and_Transport-Aviation,1930,2010343,-22,33373245,460
windowscentral.com,X,1932,3592902,20,14908233,169
nature.com,Science_Science-Publications,1934,2437643,15,13839773,181
aljazeera.com,News_and_Media_News_and_Media-News,1936,5206183,-17,18484435,198
techtarget.com,Business_and_Industry_Business_and_Industry-Marketing_and_Advertising,1942,2661562,1,5633020,120
keepvid.com,Internet_Internet-Videos,1945,1007364,-27,7801747,264
televisionfanatic.com,X,1946,3882963,-6,7336191,69
namecheap.com,Internet_Internet-Domain_Names,1948,295734,-25,3796149,416
cabelas.com,Consumer_Goods_and_Retail_Consumer_Goods_and_Retail-Recreation,1950,4478126,-25,62270064,314
fetlife.com,Society_Society-Adult,1954,1323112,-1,168981198,1180
huffingtonpost.co.uk,News_and_Media_News_and_Media-News,1958,1639595,-33,2668550,184
hellogiggles.com,X,1963,5125632,-23,25571454,216
elegantthemes.com,Internet_Internet-Blogging_Platforms_and_Tools,1965,266700,-40,2254594,222
venturebeat.com,X,1966,2230620,-12,4724692,121
imagetwist.com,X,1968,860550,-26,8521610,159
distractify.com,X,1971,5370398,-42,13453227,205
inquisitr.com,X,1982,6054154,-35,11124217,123
bustle.com,X,1984,8771569,2,16587361,141
theglobeandmail.com,News_and_Media_News_and_Media-News,1986,1120382,-35,2323976,184
leadpages.net,X,1989,1361851,-60,10120216,226
buzzlie.com,X,1992,6535085,18,116581930,280
cdc.gov,Government_Health_and_Healthcare_Government-National_Health_and_Healthcare-Conditions_and_Diseases,1994,4270281,-21,21787252,193
mercola.com,Health_and_Healthcare_Health_and_Healthcare-Alternative,1999,2600679,-37,8790410,184
cheatsheet.com,X,2006,7048413,-6,38994050,178
autoblog.com,Travel_and_Transport_Travel_and_Transport-Autos,2008,4504930,-8,35208931,176
neogaf.com,X,2011,977200,-34,56543608,1078
newsmax.com,News_and_Media_News_and_Media-News,2012,6062401,6,31874961,224
4tube.com,Society_Society-Adult,2015,2443307,-36,25436515,344
redbox.com,X,2023,3582703,-36,42754301,334
frys.com,Consumer_Goods_and_Retail_Consumer_Goods_and_Retail-Consumer_Electronics,2024,2718464,-39,42613923,272
travelocity.com,Travel_and_Transport_Travel_and_Transport-Other,2032,5188374,-35,47918507,382
techrepublic.com,X,2034,2498402,-14,4233369,108
avclub.com,X,2036,5495628,-11,33698869,249
autodesk.com,Computers_and_Technology_Computers_and_Technology-CAD_and_CAM,2037,2188614,6,25020394,319
eroprofile.com,X,2043,1200490,-16,44507187,895
secureinternetbank.com,X,2044,3833995,-21,83862049,233
thestreet.com,Finance_and_Economics_Finance_and_Economics-Investing,2048,4215537,-34,26513429,233
nhl.com,Sports_Sports-Winter_Sports,2049,3279097,-42,29575262,229
abc.go.com,News_and_Media_News_and_Media-Television,2068,8202123,-2,42501306,207
msdn.com,X,2069,1194609,-21,2923440,118
cornell.edu,Education_Government_Education-Colleges_and_Universities_Government-National,2071,3087170,-7,35590210,266
hotwire.com,Travel_and_Transport_Travel_and_Transport-Other,2072,6986611,-32,48999490,271
caranddriver.com,Travel_and_Transport_Travel_and_Transport-Autos,2077,4015642,-33,30829820,208
suntrust.com,X,2078,4202087,-36,102026519,309
ycombinator.com,X,2080,1010034,9,20022516,228
grantland.com,X,2081,4863157,-21,32342255,222
python.org,Computers_and_Technology_Computers_and_Technology-Programming,2082,1811342,23,14260209,230
fanboyreport.com,X,2083,167170,26,550406,80
dorkly.com,X,2085,2595383,-21,22560869,259
addtoany.com,X,2099,397962,-48,1677435,64
esquire.com,Society_Society-Other,2101,5004859,-26,29223272,174
memecats.com,X,2104,X,,X,244
elle.com,Arts_and_Entertainment_Arts_and_Entertainment-Fashion,2106,5715915,-17,36335378,157
redbubble.com,Arts_and_Entertainment_Arts_and_Entertainment-Visual_Arts,2107,2264509,-14,30837574,377
collegehumor.com,Arts_and_Entertainment_Arts_and_Entertainment-Humor,2108,2596389,-37,24936056,280
lumosity.com,Reference_Reference-Knowledge_Management,2111,1720985,-2,58383429,722
crunchbase.com,Internet_Internet-Social_Media,2112,1103238,-11,8399931,170
vanguard.com,Finance_and_Economics_Finance_and_Economics-Investing,2113,4293491,-19,99065603,468
dose.com,Arts_and_Entertainment_Arts_and_Entertainment-News,2117,5294262,-41,12638672,204
apartmenttherapy.com,Home_Home-Lifestyle,2118,3068440,-15,21881830,195
tv.com,News_and_Media_News_and_Media-Television,2120,7611315,-21,28563452,142
ubuntuforums.org,Computers_and_Technology_Computers_and_Technology-Software,2125,2151926,10,4622091,127
adam4adam.com,Society_Society-Adult,2129,2498747,-16,394013661,1717
adweek.com,Business_and_Industry_News_and_Media_Business_and_Industry-Marketing_and_Advertising_News_and_Media-Other,2132,2379341,-37,7412051,136
bhg.com,Home_Home-Lifestyle,2133,6758581,-17,55970286,184
chess.com,Arts_and_Entertainment_Arts_and_Entertainment-Games,2134,1297665,-34,56914508,1173
ap.org,News_and_Media_News_and_Media-Other,2141,4763681,-16,15880994,183
mangapanda.com,Arts_and_Entertainment_Arts_and_Entertainment-Comics,2142,785377,-27,78037967,671
cj.com,Business_and_Industry_Business_and_Industry-Other,2144,187900,-46,5613788,472
hongkiat.com,Arts_and_Entertainment_Arts_and_Entertainment-Design,2145,950547,-22,1529047,96
medscape.com,Health_and_Healthcare_Health_and_Healthcare-Medicine,2148,3713683,-16,18269802,190
forgeofempires.com,Arts_and_Entertainment_Arts_and_Entertainment-Games,2150,663192,-21,42098307,714
alexa.com,Internet_Internet-Analytics,2151,70636,-74,728826,193
nesn.com,Sports_Sports-News,2152,4113320,8,11153402,316
tdbank.com,Finance_and_Economics_Finance_and_Economics-Banking,2156,2946397,-48,43554170,255
grammarly.com,Computers_and_Technology_Computers_and_Technology-Software,2157,2244892,-5,10926446,227
asp.net,Computers_and_Technology_Computers_and_Technology-Programming,2160,771138,-14,2966845,139
sevenforums.com,Internet_Internet-Social_Media,2162,2493341,-23,4509425,122
sap.com,Computers_and_Technology_Computers_and_Technology-Software,2167,783091,-19,8220212,316
proboards.com,Internet_Internet-Social_Media,2173,967518,-38,32056973,640
rotoworld.com,Sports_Sports-Fantasy,2176,4887241,107,135184765,483
umich.edu,Education_Education-Colleges_and_Universities,2177,2538992,13,64210424,411
dealnews.com,Consumer_Goods_and_Retail_Consumer_Goods_and_Retail-Other,2180,2427367,-37,31476011,181
att.net,Internet_Internet-Portals,2184,5752811,-31,43217646,83
css-tricks.com,Computers_and_Technology_Computers_and_Technology-Programming,2186,972079,8,3090498,125
snopes.com,Society_Society-Other,2187,6503775,-16,16699079,157
convert2mp3.net,Computers_and_Technology_Computers_and_Technology-Software,2191,1891873,76,48619434,503
buffer.com,Computers_and_Technology_Computers_and_Technology-Software,2192,817756,7,22430008,264
perezhilton.com,Arts_and_Entertainment_Arts_and_Entertainment-News,2193,6079623,-31,50085105,361
rawstory.com,News_and_Media_News_and_Media-News,2202,6918501,-18,28717723,285
yourdictionary.com,Reference_Reference-Dictionaries_and_Encyclopedias,2206,5247279,19,16918784,201
goodhousekeeping.com,Home_Home-Lifestyle,2207,3781352,-16,30276740,181
okta.com,Business_and_Industry_Business_and_Industry-Business_Services,2209,1942607,21,65420272,117
hugedomains.com,Internet_Internet-Domain_Names,2211,1555058,-35,2273739,51
delta-search.com,Internet_Internet-Search_Engines,2216,1440118,-35,13297308,112
etrade.com,Finance_and_Economics_Finance_and_Economics-Investing,2218,2657086,-28,99650249,477
uscis.gov,Government_Government-National,2219,3429757,-24,46852512,291
wimp.com,News_and_Media_News_and_Media-News,2222,2606024,-41,14962838,282
purdue.edu,Education_Education-Colleges_and_Universities,2223,6498179,34,75484654,323
4cdn.org,Internet_Internet-Social_Media,2225,979545,-19,28842394,410
androidauthority.com,Computers_and_Technology_Computers_and_Technology-Software,2226,2215660,-19,7234302,142
lds.org,Society_Society-Religion_and_Spirituality,2228,2694045,-19,66444338,429
screencast.com,Internet_Internet-File_Sharing_and_Storage,2229,397739,-24,1895617,222
espnfc.com,Sports_Sports-Football(Soccer),2238,2458767,-58,17781078,187
ford.com,Travel_and_Transport_Travel_and_Transport-Autos,2249,4313299,-25,58932129,361
psychologytoday.com,Health_and_Healthcare_Health_and_Healthcare-Mental_Health,2251,4056786,-14,15391293,168
www.nhs.uk,Health_and_Healthcare_Health_and_Healthcare-Education,2254,1277512,-23,2055962,152
nbc.com,News_and_Media_News_and_Media-Television,2257,7487532,-13,36707237,205
fromdoctopdf.com,Computers_and_Technology_Computers_and_Technology-Software,2260,6071740,X,10831568,71
study.com,Education_Education-Other,2265,8313515,39,17135693,119
square-enix.com,Arts_and_Entertainment_Arts_and_Entertainment-Games,2267,563606,-58,8872912,265
smugmug.com,Internet_Internet-Photos,2269,3159730,-29,67818321,346
anysex.com,Society_Society-Adult,2274,2585453,-32,9971765,290
dealmoon.com,Consumer_Goods_and_Retail_Consumer_Goods_and_Retail-Consumer_Information,2280,1947285,-27,60422055,252
gravatar.com,Internet_Internet-Hosting,2282,345728,-48,1661257,137
diigo.com,Internet_Internet-Other,2289,358216,-52,1667454,171
lifebuzz.com,Internet_Internet-Blogging_Platforms_and_Tools,2290,1096020,-47,7450468,264
everydayhealth.com,Health_and_Healthcare_Health_and_Healthcare-Education,2297,4222020,-17,14062298,144
creativemarket.com,Computers_and_Technology_Computers_and_Technology-Graphics,2299,1456965,-7,16635351,262
8tracks.com,Arts_and_Entertainment_Arts_and_Entertainment-Music,2302,717248,-14,10629554,246
bigcartel.com,Business_and_Industry_Business_and_Industry-Business_Services,2304,2538299,-27,21090192,170
draftkings.com,Sports_Sports-Fantasy,2309,8168325,304,143365947,530
healthgrades.com,Health_and_Healthcare_Health_and_Healthcare-Medicine,2310,5334110,-24,24488093,176
wish.com,Consumer_Goods_and_Retail_Consumer_Goods_and_Retail-General_Merchandise,2311,1870351,-20,44589472,641
dealsplus.com,Consumer_Goods_and_Retail_Consumer_Goods_and_Retail-Consumer_Information,2316,6538490,-22,38437795,97
moba-stream.com,Arts_and_Entertainment_Arts_and_Entertainment-Games,2322,5370,X,15284850,206
columbia.edu,Education_Education-Colleges_and_Universities,2324,3042444,-8,55980116,318
zoosk.com,Internet_Internet-Social_Media,2328,2602647,-16,69478258,350
avast.com,Internet_Internet-Security,2329,1233188,-48,3846307,160
symantec.com,Internet_Internet-Security,2335,1236645,-35,7573613,263
invisionapp.com,Business_and_Industry_Business_and_Industry-Business_Services,2338,680373,40,17441893,483
windows.net,Consumer_Goods_and_Retail_Consumer_Goods_and_Retail-Consumer_Electronics,2339,904269,-38,2302677,56
thrillist.com,News_and_Media_News_and_Media-News,2350,5234891,-33,20123320,185
elsevier.com,Reference_Reference-Other,2354,2092184,12,22481745,291
geico.com,Finance_and_Economics_Finance_and_Economics-Insurance,2356,4756762,-34,67468712,435
jet.com,Consumer_Goods_and_Retail_Consumer_Goods_and_Retail-General_Merchandise,2358,7044527,662,76355414,294
cheapoair.com,Travel_and_Transport_Travel_and_Transport-Aviation,2360,6817628,-35,36969860,282
ae.com,Consumer_Goods_and_Retail_Consumer_Goods_and_Retail-Clothing,2361,5353963,-21,87648399,453
fanduel.com,Sports_Sports-Fantasy,2363,8920751,174,116289477,377
state.tx.us,Government_Government-Regional_and_City,2366,2846900,-34,46783091,357
gocomics.com,Arts_and_Entertainment_Arts_and_Entertainment-Comics,2367,1484314,-3,49483971,332
epicurious.com,Home_Home-Cooking,2369,5909071,-13,24290207,148
whatculture.com,News_and_Media_News_and_Media-News,2371,2439266,-34,36929215,438
withgoogle.com,Internet_Internet-Other,2374,953052,31,3519292,217
polygon.com,Arts_and_Entertainment_Arts_and_Entertainment-Games,2379,2957366,-34,14455092,169
overdrive.com,News_and_Media_News_and_Media-Publishing,2380,4036406,-36,77890803,298
utexas.edu,Education_Education-Colleges_and_Universities,2386,2453481,10,40612333,352
charter.net,Internet_Internet-Videos,2387,2918050,-33,33706091,286
ulta.com,Consumer_Goods_and_Retail_Consumer_Goods_and_Retail-Beauty_Products,2388,4441361,-20,78887444,398
jetblue.com,Travel_and_Transport_Travel_and_Transport-Aviation,2390,5768892,-36,79970978,423
sony.com,Consumer_Goods_and_Retail_Consumer_Goods_and_Retail-Consumer_Electronics,2393,2595663,-45,20087746,223
teespring.com,Consumer_Goods_and_Retail_Consumer_Goods_and_Retail-Clothing,2394,2723847,-26,25188572,321
scout.com,Sports_Sports-News,2396,3273664,19,75182876,447
desi-tashan.com,Arts_and_Entertainment_Arts_and_Entertainment,2398,704554,-11,27695562,687
dominos.com,Arts_and_Entertainment_Arts_and_Entertainment-Dining,2404,4747139,-28,47501350,402
surveyrouter.com,Internet_Internet-Hosting,2405,1014825,-49,13250091,109
ieee.org,Computers_and_Technology_Computers_and_Technology-Electronics,2407,2221038,X,11897766,214
nasdaq.com,Finance_and_Economics_Finance_and_Economics-Investing,2412,1931722,-27,12776972,180
rockstargames.com,Arts_and_Entertainment_Arts_and_Entertainment-Games,2415,1568473,-52,33230625,374
ghanaweb.com,News_and_Media_News_and_Media-News,2420,434914,-14,20031558,910
creativebloq.com,Internet_Internet-Blogging_Platforms_and_Tools,2421,1273194,2,2832943,100
ipage.com,Internet_Internet-Hosting,2424,198797,-48,3190933,423
pitchfork.com,Arts_and_Entertainment_Arts_and_Entertainment-Music,2426,3921751,X,28027259,172
ucla.edu,Education_Education-Colleges_and_Universities,2428,2712304,4,51378847,322
bigfishgames.com,Arts_and_Entertainment_Arts_and_Entertainment-Games,2436,1304627,-11,15159739,258
boxofficemojo.com,Arts_and_Entertainment_Arts_and_Entertainment-Movies,2440,2171994,-51,33615876,196
boston.com,News_and_Media_News_and_Media-News,2442,2684658,-24,21544024,302
biblehub.com,Society_Society-Religion_and_Spirituality,2443,3975972,-19,22364872,227
landsend.com,Consumer_Goods_and_Retail_Consumer_Goods_and_Retail-Clothing,2446,3963341,-15,70247987,487
freshdesk.com,Business_and_Industry_Business_and_Industry-Business_Services,2447,204992,-23,2731662,552
thehill.com,News_and_Media_News_and_Media-News,2450,5227937,-12,15868846,165
anandtech.com,Consumer_Goods_and_Retail_Consumer_Goods_and_Retail-Computers,2459,2160888,-22,11969507,184
cowboom.com,Consumer_Goods_and_Retail_Consumer_Goods_and_Retail-Computers,2460,1707725,-19,20926126,229
247sports.com,Sports_Sports-News,2464,5764810,17,64894367,320
theknot.com,Society_Society-Relationships,2465,3321765,-19,21863511,215
wenxuecity.com,News_and_Media_News_and_Media-News,2469,1037777,-9,72995932,1083
blu-ray.com,Arts_and_Entertainment_Arts_and_Entertainment-Movies,2473,1674480,-31,88371016,410
rackcdn.com,Internet_Internet-Hosting,2474,1955742,-28,5090145,106
mightytext.net,Internet_Internet-Other,2475,1409067,-26,30874039,269
netsuite.com,Business_and_Industry_Business_and_Industry-Business_Services,2480,1047491,-21,94915933,2102
stuff.co.nz,News_and_Media_News_and_Media-News,2481,913630,-30,1883250,335
ssa.gov,Government_Government-National,2484,3948011,-18,51453907,427
minecraft.net,Arts_and_Entertainment_Arts_and_Entertainment-Games,2486,2839670,-32,25945529,205
ggpht.com,Internet_Internet-Other,2489,1045381,-34,1795949,81
shopstyle.com,Consumer_Goods_and_Retail_Consumer_Goods_and_Retail-Clothing,2503,3147158,-33,13559452,75
cargurus.com,Travel_and_Transport_Travel_and_Transport-Autos,2508,5523816,-21,75002062,376
trustedreviews.com,Consumer_Goods_and_Retail_Consumer_Goods_and_Retail-Consumer_Information,2510,2150041,-16,5218503,141
cyberciti.biz,Internet_Internet-Blogging_Platforms_and_Tools,2513,2481678,2,5876220,136
logmein.com,Computers_and_Technology_Computers_and_Technology-Software,2514,1293846,-25,22748018,382
rentalcars.com,Travel_and_Transport_Travel_and_Transport-Autos,2516,1621898,-49,12700223,320
llbean.com,Consumer_Goods_and_Retail_Consumer_Goods_and_Retail-Clothing,2517,5352373,-10,67158714,348
navyfederal.org,Finance_and_Economics_Finance_and_Economics-Services,2520,3614027,-23,132883232,375
libraryreserve.com,X,2523,5320672,-22,92785704,174
goodsearch.com,Society_Society-Non-profits_and_Volunteering,2525,3369886,-27,21476205,94
fastcompany.com,Business_and_Industry_Business_and_Industry-Management,2538,1945441,-22,5826997,123
livestream.com,Internet_Internet-Videos,2539,3221652,-26,16713237,199
harpersbazaar.com,Arts_and_Entertainment_Arts_and_Entertainment-Fashion,2542,2938726,-4,20845880,149
teacherspayteachers.com,Education_Education-Other,2546,2901718,34,83233974,601
pizzahut.com,Arts_and_Entertainment_Arts_and_Entertainment-Dining,2547,5306452,-33,71735518,480
armorgames.com,Arts_and_Entertainment_Arts_and_Entertainment-Games,2548,1518606,-24,18975505,267
washington.edu,Education_Education-Colleges_and_Universities,2553,2830121,26,36431528,241
zap2it.com,News_and_Media_News_and_Media-Television,2555,5545751,-33,33896197,189
bbt.com,Finance_and_Economics_Finance_and_Economics-Banking,2556,1527977,-30,44613396,345
rankingsandreviews.com,News_and_Media_News_and_Media-Other,2561,5468704,-10,40284170,225
squareup.com,Finance_and_Economics_Finance_and_Economics-Services,2562,3794416,-10,51643295,308
popularmechanics.com,Science_Science-News,2563,2886605,-20,12133660,164
iheart.com,Arts_and_Entertainment_Arts_and_Entertainment-Music,2566,2158271,-30,14896146,153
pornsharing.com,Society_Society-Adult,2567,2365259,-33,8232632,174
allmusic.com,Arts_and_Entertainment_Arts_and_Entertainment-Music,2576,5274323,-25,50053909,254
mobafire.com,Arts_and_Entertainment_Arts_and_Entertainment-Games,2581,1321219,-11,20227648,197
justanswer.com,Reference_Reference-Advice,2586,5989619,-31,12685635,118
livescience.com,Science_Science-News,2589,3491297,-18,6712168,148
comenity.net,Finance_and_Economics_Finance_and_Economics-Banking,2593,6915447,-25,80701992,287
amd.com,Business_and_Industry_Business_and_Industry-Electronics_and_Electrical,2594,754853,-33,3435793,205
findagrave.com,Society_Society-Death,2597,4437270,-24,173377606,676
ralphlauren.com,Consumer_Goods_and_Retail_Consumer_Goods_and_Retail-Clothing,2599,3098110,-22,48343910,441
wisc.edu,Education_Education-Colleges_and_Universities,2600,2480446,24,40244783,291
netvibes.com,Internet_Internet-Other,2603,77923,-8,849867,215
bizrate.com,Consumer_Goods_and_Retail_Consumer_Goods_and_Retail-Consumer_Information,2604,7204555,-1,13789743,80
infowars.com,Society_Society-Politics_and_Activism,2606,1742922,-46,11839309,271
jvzoo.com,Internet_Internet-Other,2608,337715,-33,4179230,273
pbskids.org,News_and_Media_News_and_Media-News,2609,3873010,-24,130064220,1072
explosm.net,Arts_and_Entertainment_Arts_and_Entertainment-Comics,2610,1977404,11,24701481,172
mheducation.com,Education_Education-Online,2614,5047268,83,235490368,728